token,merchant_id,transaction_id
c34f55f4090bc76c9ac71ff113038c07fbed7ee7c30ca23709554d18165d7bca5a6a3f4fe37f889cb42ba9fe9c010f16c1a0b3ce1219608150b647a76a21dc95,12123232.0,11111
c34f55f4090bc76c9ac71ff113038c07fbed7ee7c30ca23709554d18165d7bca5a6a3f4fe37f889cb42ba9fe9c010f16c1a0b3ce1219608150b647a76a21dc95,12123232.0,11111
c34f55f4090bc76c9ac71ff113038c07fbed7ee7c30ca23709554d18165d7bca5a6a3f4fe37f889cb42ba9fe9c010f16c1a0b3ce1219608150b647a76a21dc95,12123232.0,11111
c34f55f4090bc76c9ac71ff113038c07fbed7ee7c30ca23709554d18165d7bca5a6a3f4fe37f889cb42ba9fe9c010f16c1a0b3ce1219608150b647a76a21dc95,12123232.0,11111
c34f55f4090bc76c9ac71ff113038c07fbed7ee7c30ca23709554d18165d7bca5a6a3f4fe37f889cb42ba9fe9c010f16c1a0b3ce1219608150b647a76a21dc95,12123232.0,11111
c34f55f4090bc76c9ac71ff113038c07fbed7ee7c30ca23709554d18165d7bca5a6a3f4fe37f889cb42ba9fe9c010f16c1a0b3ce1219608150b647a76a21dc95,12123232.0,11111
c34f55f4090bc76c9ac71ff113038c07fbed7ee7c30ca23709554d18165d7bca5a6a3f4fe37f889cb42ba9fe9c010f16c1a0b3ce1219608150b647a76a21dc95,12123232.0,11111
c34f55f4090bc76c9ac71ff113038c07fbed7ee7c30ca23709554d18165d7bca5a6a3f4fe37f889cb42ba9fe9c010f16c1a0b3ce1219608150b647a76a21dc95,12123232.0,11111
c34f55f4090bc76c9ac71ff113038c07fbed7ee7c30ca23709554d18165d7bca5a6a3f4fe37f889cb42ba9fe9c010f16c1a0b3ce1219608150b647a76a21dc95,12123232.0,11111
c34f55f4090bc76c9ac71ff113038c07fbed7ee7c30ca23709554d18165d7bca5a6a3f4fe37f889cb42ba9fe9c010f16c1a0b3ce1219608150b647a76a21dc95,12123232.0,11111
c34f55f4090bc76c9ac71ff113038c07fbed7ee7c30ca23709554d18165d7bca5a6a3f4fe37f889cb42ba9fe9c010f16c1a0b3ce1219608150b647a76a21dc95,12123232.0,11111
c34f55f4090bc76c9ac71ff113038c07fbed7ee7c30ca23709554d18165d7bca5a6a3f4fe37f889cb42ba9fe9c010f16c1a0b3ce1219608150b647a76a21dc95,12123232.0,11111
c34f55f4090bc76c9ac71ff113038c07fbed7ee7c30ca23709554d18165d7bca5a6a3f4fe37f889cb42ba9fe9c010f16c1a0b3ce1219608150b647a76a21dc95,12123232.0,11111
c34f55f4090bc76c9ac71ff113038c07fbed7ee7c30ca23709554d18165d7bca5a6a3f4fe37f889cb42ba9fe9c010f16c1a0b3ce1219608150b647a76a21dc95,12123232.0,11111
c34f55f4090bc76c9ac71ff113038c07fbed7ee7c30ca23709554d18165d7bca5a6a3f4fe37f889cb42ba9fe9c010f16c1a0b3ce1219608150b647a76a21dc95,12123232.0,11111
c34f55f4090bc76c9ac71ff113038c07fbed7ee7c30ca23709554d18165d7bca5a6a3f4fe37f889cb42ba9fe9c010f16c1a0b3ce1219608150b647a76a21dc95,12123232.0,11111
c34f55f4090bc76c9ac71ff113038c07fbed7ee7c30ca23709554d18165d7bca5a6a3f4fe37f889cb42ba9fe9c010f16c1a0b3ce1219608150b647a76a21dc95,12123232.0,11111
c34f55f4090bc76c9ac71ff113038c07fbed7ee7c30ca23709554d18165d7bca5a6a3f4fe37f889cb42ba9fe9c010f16c1a0b3ce1219608150b647a76a21dc95,12123232.0,11111
c34f55f4090bc76c9ac71ff113038c07fbed7ee7c30ca23709554d18165d7bca5a6a3f4fe37f889cb42ba9fe9c010f16c1a0b3ce1219608150b647a76a21dc95,12123232.0,11111
c34f55f4090bc76c9ac71ff113038c07fbed7ee7c30ca23709554d18165d7bca5a6a3f4fe37f889cb42ba9fe9c010f16c1a0b3ce1219608150b647a76a21dc95,12123232.0,11111
c34f55f4090bc76c9ac71ff113038c07fbed7ee7c30ca23709554d18165d7bca5a6a3f4fe37f889cb42ba9fe9c010f16c1a0b3ce1219608150b647a76a21dc95,12123232.0,11111
c34f55f4090bc76c9ac71ff113038c07fbed7ee7c30ca23709554d18165d7bca5a6a3f4fe37f889cb42ba9fe9c010f16c1a0b3ce1219608150b647a76a21dc95,12123232.0,11111
c34f55f4090bc76c9ac71ff113038c07fbed7ee7c30ca23709554d18165d7bca5a6a3f4fe37f889cb42ba9fe9c010f16c1a0b3ce1219608150b647a76a21dc95,12123232.0,11111
c34f55f4090bc76c9ac71ff113038c07fbed7ee7c30ca23709554d18165d7bca5a6a3f4fe37f889cb42ba9fe9c010f16c1a0b3ce1219608150b647a76a21dc95,12123232.0,11111
c34f55f4090bc76c9ac71ff113038c07fbed7ee7c30ca23709554d18165d7bca5a6a3f4fe37f889cb42ba9fe9c010f16c1a0b3ce1219608150b647a76a21dc95,12123232.0,11111
c34f55f4090bc76c9ac71ff113038c07fbed7ee7c30ca23709554d18165d7bca5a6a3f4fe37f889cb42ba9fe9c010f16c1a0b3ce1219608150b647a76a21dc95,12123232.0,11111
c34f55f4090bc76c9ac71ff113038c07fbed7ee7c30ca23709554d18165d7bca5a6a3f4fe37f889cb42ba9fe9c010f16c1a0b3ce1219608150b647a76a21dc95,12123232.0,11111
c34f55f4090bc76c9ac71ff113038c07fbed7ee7c30ca23709554d18165d7bca5a6a3f4fe37f889cb42ba9fe9c010f16c1a0b3ce1219608150b647a76a21dc95,12123232.0,11111
c34f55f4090bc76c9ac71ff113038c07fbed7ee7c30ca23709554d18165d7bca5a6a3f4fe37f889cb42ba9fe9c010f16c1a0b3ce1219608150b647a76a21dc95,12123232.0,11111
c34f55f4090bc76c9ac71ff113038c07fbed7ee7c30ca23709554d18165d7bca5a6a3f4fe37f889cb42ba9fe9c010f16c1a0b3ce1219608150b647a76a21dc95,12123232.0,11111
c34f55f4090bc76c9ac71ff113038c07fbed7ee7c30ca23709554d18165d7bca5a6a3f4fe37f889cb42ba9fe9c010f16c1a0b3ce1219608150b647a76a21dc95,12123232.0,11111
c34f55f4090bc76c9ac71ff113038c07fbed7ee7c30ca23709554d18165d7bca5a6a3f4fe37f889cb42ba9fe9c010f16c1a0b3ce1219608150b647a76a21dc95,12123232.0,11111
c34f55f4090bc76c9ac71ff113038c07fbed7ee7c30ca23709554d18165d7bca5a6a3f4fe37f889cb42ba9fe9c010f16c1a0b3ce1219608150b647a76a21dc95,12123232.0,11111
